{"cameraMode":{"drawMode":0,"name":"Shaded","section":"Shading Mode"},"sceneLighting":false,"audioPlay":false,"sceneViewState":{"m_AlwaysRefresh":false,"showFog":true,"showSkybox":false,"showFlares":true,"showImageEffects":true,"showParticleSystems":true,"showVisualEffectGraphs":true,"m_FxEnabled":true},"in2DMode":false,"pivot":{"x":403.92999267578127,"y":-4.069999694824219,"z":57.72999954223633},"rotation":{"x":0.3776731789112091,"y":-0.011116155423223973,"z":0.004534193314611912,"w":0.9258647561073303},"size":0.8660253882408142,"orthographic":false}