{"cameraMode":{"drawMode":0,"name":"Shaded","section":"Shading Mode"},"sceneLighting":false,"audioPlay":false,"sceneViewState":{"m_AlwaysRefresh":false,"showFog":true,"showSkybox":false,"showFlares":true,"showImageEffects":true,"showParticleSystems":true,"showVisualEffectGraphs":true,"m_FxEnabled":true},"in2DMode":false,"pivot":{"x":403.92999267578127,"y":-4.069999694824219,"z":57.72999954223633},"rotation":{"x":0.00302108284085989,"y":0.9927575588226318,"z":0.1178850382566452,"w":-0.025652499869465829},"size":0.8660253882408142,"orthographic":false}